,movie,year,imdb,metascore,votes,us_grossMillions,timeMin
0,Tenet,2020,7.9,69.0,69653,,150
1,Joker,2019,8.5,59.0,856260,335.45,122
2,Knives Out,2019,7.9,82.0,379180,165.36,130
3,Inception,2010,8.8,74.0,2003862,292.58,148
4,The Peanut Butter Falcon,2019,7.6,70.0,51688,13.12,97
5,Interstellar,2014,8.6,74.0,1450256,188.02,169
6,Hamilton,2020,8.7,90.0,37890,,160
7,Once Upon a Time... In Hollywood,2019,7.6,83.0,507755,142.5,161
8,The Dark Knight,2008,9.0,84.0,2242591,534.86,152
9,Jojo Rabbit,2019,7.9,58.0,254380,0.35,108
10,The Gentlemen,2019,7.9,51.0,179609,,113
11,Avengers: Endgame,2019,8.4,78.0,755585,858.37,181
12,Parasite,2019,8.6,96.0,471861,53.37,132
13,The Goonies,1985,7.8,62.0,237417,61.5,114
14,Dunkirk,2017,7.9,94.0,531933,188.37,106
15,The Shawshank Redemption,1994,9.3,80.0,2279620,28.34,142
16,The Dark Knight Rises,2012,8.4,78.0,1481122,448.14,164
17,The Prestige,2006,8.5,66.0,1156300,53.09,130
18,Harry Potter and the Sorcerer's Stone,2001,7.6,64.0,625341,317.58,152
19,1917,2019,8.3,78.0,363640,159.23,119
20,The Godfather,1972,9.2,100.0,1573274,134.97,175
21,Jurassic Park,1993,8.1,68.0,846327,402.45,127
22,Ford v Ferrari,2019,8.1,81.0,252561,117.62,152
23,Little Women,2019,7.8,91.0,122652,108.1,135
24,The Notebook,2004,7.8,53.0,508358,81.0,123
25,Get Out,2017,7.7,85.0,472664,176.04,104
26,The Wolf of Wall Street,2013,8.2,75.0,1142048,116.9,180
27,Batman Begins,2005,8.2,70.0,1278593,206.85,140
28,Titanic,1997,7.8,75.0,1023445,659.33,194
29,Memento,2000,8.4,80.0,1099358,25.54,113
30,Dil Bechara,2020,8.8,,101849,,101
31,A Star Is Born,2018,7.7,88.0,318742,215.29,136
32,Pulp Fiction,1994,8.9,94.0,1780740,107.93,154
33,Watchmen,2009,7.6,56.0,491313,107.51,162
34,The Matrix,1999,8.7,73.0,1632862,171.48,136
35,Goodfellas,1990,8.7,90.0,991883,46.84,146
36,The Lord of the Rings: The Fellowship of the Ring,2001,8.8,92.0,1620363,315.54,178
37,Gone with the Wind,1939,8.1,97.0,284090,198.68,238
38,The Silence of the Lambs,1991,8.6,85.0,1234629,130.74,118
39,Fight Club,1999,8.8,66.0,1808006,37.03,139
40,Gladiator,2000,8.5,67.0,1308609,187.71,155
41,Pride & Prejudice,2005,7.8,82.0,247839,38.41,129
42,Avengers: Infinity War,2018,8.4,68.0,796958,678.82,149
43,Mad Max: Fury Road,2015,8.1,90.0,856830,154.06,120
44,Django Unchained,2012,8.4,81.0,1318308,162.81,165
45,The Irishman,2019,7.9,94.0,304808,7.0,209
46,The Shining,1980,8.4,66.0,869878,44.02,146
47,Se7en,1995,8.6,65.0,1402561,100.13,127
48,Inglourious Basterds,2009,8.3,69.0,1230384,120.54,153
49,No Country for Old Men,2007,8.1,91.0,832029,74.28,122
50,Gone Girl,2014,8.1,79.0,833817,167.77,149
51,Zodiac,2007,7.7,78.0,444211,33.08,157
52,Blade Runner 2049,2017,8.0,81.0,441123,92.05,164
53,Nightcrawler,2014,7.9,76.0,449443,32.38,117
54,Portrait of a Lady on Fire,2019,8.1,95.0,50130,,122
55,Back to the Future,1985,8.5,87.0,1027744,210.61,116
56,The Big Lebowski,1998,8.1,71.0,714149,17.5,117
57,Scarface,1983,8.3,65.0,721602,45.6,170
58,Spider-Man: Into the Spider-Verse,2018,8.4,87.0,336236,190.24,117
59,Guardians of the Galaxy,2014,8.0,76.0,1023575,333.18,121
60,Harry Potter and the Deathly Hallows: Part 2,2011,8.1,85.0,743581,381.01,130
61,Apocalypse Now,1979,8.4,94.0,591461,83.47,147
62,Schindler's List,1993,8.9,94.0,1183645,96.9,195
63,Harry Potter and the Goblet of Fire,2005,7.7,81.0,530686,290.01,157
64,The Hobbit: An Unexpected Journey,2012,7.8,58.0,746129,303.0,169
65,Ferris Bueller's Day Off,1986,7.8,61.0,313965,70.14,103
66,Thor: Ragnarok,2017,7.9,74.0,564784,315.06,130
67,Forrest Gump,1994,8.8,82.0,1756133,330.25,142
68,The Departed,2006,8.5,85.0,1160088,132.38,151
69,Prisoners,2013,8.1,70.0,581433,61.0,153
70,Moana,2016,7.6,81.0,261046,248.76,107
71,American Psycho,2000,7.6,64.0,473472,15.07,101
72,Stand by Me,1986,8.1,75.0,355914,52.29,89
73,Alien,1979,8.4,89.0,769151,78.9,117
74,The Green Mile,1999,8.6,61.0,1112831,136.8,189
75,Call Me by Your Name,2017,7.9,93.0,199495,18.1,132
76,Shutter Island,2010,8.2,63.0,1096434,128.01,138
77,Taxi Driver,1976,8.3,94.0,703578,28.26,114
78,Léon: The Professional,1994,8.5,64.0,1007966,19.5,110
79,The Searchers,1956,7.9,94.0,78508,,119
80,Eternal Sunshine of the Spotless Mind,2004,8.3,89.0,890204,34.4,108
81,There Will Be Blood,2007,8.2,93.0,503145,40.22,158
82,Avatar,2009,7.8,83.0,1101390,760.51,162
83,The Princess Bride,1987,8.1,77.0,385345,30.86,98
84,Mission: Impossible - Fallout,2018,7.7,86.0,281115,220.16,147
85,The Usual Suspects,1995,8.5,77.0,969258,23.34,106
86,Saving Private Ryan,1998,8.6,91.0,1204240,216.54,169
87,Catch Me If You Can,2002,8.1,75.0,800819,164.62,141
88,Airplane!,1980,7.7,78.0,208747,83.4,88
89,Wonder,2017,8.0,66.0,134535,132.42,113
90,Pirates of the Caribbean: The Curse of the Black Pearl,2003,8.0,63.0,1001419,305.41,143
91,The Lord of the Rings: The Return of the King,2003,8.9,94.0,1604693,377.85,201
92,Guardians of the Galaxy Vol. 2,2017,7.6,67.0,550419,389.81,136
93,Home Alone,1990,7.6,63.0,451702,285.76,103
94,Gravity,2013,7.7,96.0,755873,274.09,91
95,Green Book,2018,8.2,69.0,342295,85.08,130
96,American Beauty,1999,8.3,84.0,1049290,130.1,122
97,Heat,1995,8.2,76.0,562564,67.44,170
98,The Breakfast Club,1985,7.9,66.0,349045,45.88,97
99,Dazed and Confused,1993,7.6,78.0,161565,7.99,102
100,Requiem for a Dream,2000,8.3,68.0,748609,3.64,102
101,Ghostbusters,1984,7.8,71.0,347372,238.63,105
102,Baby Driver,2017,7.6,86.0,422801,107.83,113
103,The Hobbit: The Desolation of Smaug,2013,7.8,66.0,590926,258.37,161
104,Good Will Hunting,1997,8.3,70.0,837707,138.43,126
105,Love Actually,2003,7.6,55.0,415833,59.7,135
106,The Godfather: Part II,1974,9.0,90.0,1099148,57.3,202
107,The King's Speech,2010,8.0,88.0,628452,138.8,118
108,Mulan,1998,7.6,71.0,245206,120.62,88
109,One Flew Over the Cuckoo's Nest,1975,8.7,83.0,891346,112.0,133
110,V for Vendetta,2005,8.2,62.0,1010016,70.51,132
111,The Revenant,2015,8.0,76.0,685208,183.64,156
112,Boogie Nights,1997,7.9,85.0,233868,26.4,155
113,"Three Billboards Outside Ebbing, Missouri",2017,8.2,88.0,411922,54.51,115
114,Spirited Away,2001,8.6,96.0,627011,10.06,125
115,A Clockwork Orange,1971,8.3,77.0,740558,6.21,136
116,The Avengers,2012,8.0,69.0,1241454,623.28,143
117,Bohemian Rhapsody,2018,8.0,49.0,433759,216.43,134
118,Jaws,1975,8.0,87.0,535925,260.0,124
119,Whiplash,2014,8.5,88.0,691023,13.09,106
120,Harry Potter and the Prisoner of Azkaban,2004,7.9,82.0,533397,249.36,142
121,American History X,1998,8.5,62.0,1014485,6.72,119
122,Raiders of the Lost Ark,1981,8.4,85.0,865746,248.16,115
123,The Fifth Element,1997,7.7,52.0,426047,63.54,126
124,Captain America: Civil War,2016,7.8,75.0,644449,408.08,147
125,The Martian,2015,8.0,80.0,740997,228.43,144
126,Iron Man,2008,7.9,79.0,920952,318.41,126
127,"The Good, the Bad and the Ugly",1966,8.8,90.0,672714,6.1,178
128,Deadpool 2,2018,7.7,66.0,460796,324.59,119
129,Ex Machina,2014,7.7,78.0,462813,25.44,108
130,True Romance,1993,7.9,59.0,202623,12.28,119
131,Stardust,2007,7.6,66.0,250304,38.63,127
132,Kingsman: The Secret Service,2014,7.7,60.0,579518,128.26,129
133,Spotlight,2015,8.1,93.0,407019,45.06,129
134,Searching,2018,7.6,71.0,133083,26.02,102
135,The Perks of Being a Wallflower,2012,8.0,67.0,451843,17.74,103
136,Psycho,1960,8.5,97.0,587032,32.0,109
137,The Hateful Eight,2015,7.8,68.0,499264,54.12,168
138,Marriage Story,2019,8.0,94.0,227532,2.0,137
139,La La Land,2016,8.0,94.0,488326,151.1,128
140,Deliverance,1972,7.7,80.0,96806,7.06,109
141,Zombieland,2009,7.6,73.0,510947,75.59,88
142,Deadpool,2016,8.0,65.0,882282,363.07,108
143,The Social Network,2010,7.7,95.0,608941,96.96,120
144,The Grand Budapest Hotel,2014,8.1,88.0,687889,59.1,99
145,Blade Runner,1982,8.1,84.0,678214,32.87,117
146,Star Wars: Episode IV - A New Hope,1977,8.6,90.0,1204439,322.74,121
147,Room,2015,8.1,86.0,357457,14.68,118
148,Toy Story 4,2019,7.8,84.0,189310,434.04,100
149,Aliens,1986,8.3,84.0,639695,85.16,137
150,300,2006,7.6,52.0,722640,210.61,117
151,Her,2013,8.0,90.0,524203,25.57,126
152,Almost Famous,2000,7.9,90.0,247676,32.53,122
153,The Terminator,1984,8.0,84.0,784616,38.4,107
154,Ocean's Eleven,2001,7.7,74.0,504620,183.42,116
155,The Thing,1982,8.1,57.0,360290,13.78,109
156,Logan,2017,8.1,77.0,627773,226.28,137
157,The Blues Brothers,1980,7.9,60.0,178997,57.23,133
158,Donnie Darko,2001,8.0,88.0,728525,1.48,113
159,Snatch,2000,8.3,55.0,766784,30.33,102
160,Harry Potter and the Half-Blood Prince,2009,7.6,78.0,458244,301.96,153
161,Terminator 2: Judgment Day,1991,8.5,75.0,975282,204.84,137
162,Harry Potter and the Deathly Hallows: Part 1,2010,7.7,65.0,463255,295.98,146
163,The Big Short,2015,7.8,81.0,349071,70.26,130
164,The Lord of the Rings: The Two Towers,2002,8.7,87.0,1450161,342.55,179
165,Full Metal Jacket,1987,8.3,76.0,658416,46.36,116
166,The Girl with the Dragon Tattoo,2011,7.8,71.0,411875,102.52,158
167,Platoon,1986,8.1,92.0,373502,138.53,120
168,Drive,2011,7.8,78.0,558845,35.06,100
169,Star Wars: Episode V - The Empire Strikes Back,1980,8.7,82.0,1132421,290.48,124
170,2001: A Space Odyssey,1968,8.3,84.0,588108,56.95,149
171,The Lion King,1994,8.5,88.0,917570,422.78,88
172,Casino,1995,8.2,73.0,453036,42.44,178
173,Tombstone,1993,7.8,50.0,123179,56.51,130
174,Sicario,2015,7.6,82.0,360769,46.89,121
175,12 Angry Men,1957,8.9,96.0,668802,4.36,96
176,Big Fish,2003,8.0,58.0,408500,66.26,125
177,Oldboy,2003,8.4,77.0,501255,0.71,101
178,Once Upon a Time in America,1984,8.4,,302457,5.32,229
179,About Time,2013,7.8,55.0,289966,15.32,123
180,Sin City,2005,8.0,74.0,733235,74.1,124
181,The Truman Show,1998,8.1,90.0,910882,125.62,103
182,X-Men: First Class,2011,7.7,65.0,637034,146.41,131
183,The Imitation Game,2014,8.0,73.0,668257,91.13,114
184,Rogue One: A Star Wars Story,2016,7.8,65.0,538804,532.18,133
185,Arrival,2016,7.9,81.0,575900,100.55,116
186,Into the Wild,2007,8.1,73.0,560852,18.35,148
187,Dawn of the Planet of the Apes,2014,7.6,79.0,406723,208.55,130
188,Scent of a Woman,1992,8.0,59.0,254003,63.9,156
189,Casablanca,1942,8.5,100.0,510131,1.02,102
190,The Hangover,2009,7.7,73.0,706078,277.32,100
191,Willy Wonka & the Chocolate Factory,1971,7.8,67.0,174054,4.0,100
192,Fargo,1996,8.1,85.0,601125,24.61,98
193,Hacksaw Ridge,2016,8.1,71.0,418555,67.21,139
194,Being John Malkovich,1999,7.7,90.0,305171,22.86,113
195,Braveheart,1995,8.3,68.0,941878,75.6,178
196,3:10 to Yuma,2007,7.7,76.0,284139,53.61,122
197,Hot Fuzz,2007,7.8,81.0,454269,23.64,121
198,Superbad,2007,7.6,76.0,511578,121.46,113
199,The Exorcist,1973,8.0,81.0,354342,232.91,122
200,Die Hard,1988,8.2,72.0,768094,83.01,132
201,Hidden Figures,2016,7.8,74.0,193429,169.61,127
202,Atonement,2007,7.8,85.0,243754,50.93,123
203,The Help,2011,8.0,62.0,419659,169.71,146
204,Coco,2017,8.4,81.0,352751,209.73,105
205,Reservoir Dogs,1992,8.3,79.0,896824,2.83,99
206,Zootopia,2016,8.0,78.0,421335,341.27,108
207,Inside Man,2006,7.6,76.0,331732,88.51,129
208,Star Trek,2009,7.9,82.0,571905,257.73,127
209,A Bronx Tale,1993,7.8,80.0,125127,17.27,121
210,Come and See,1985,8.3,,54315,,142
211,X-Men: Days of Future Past,2014,8.0,75.0,650526,233.92,132
212,Kill Bill: Vol. 1,2003,8.1,69.0,977579,70.1,111
213,12 Years a Slave,2013,8.1,96.0,624831,56.67,134
214,Ratatouille,2007,8.0,96.0,624952,206.45,111
215,Midnight in Paris,2011,7.7,81.0,380229,56.82,94
216,Apocalypto,2006,7.8,68.0,286303,50.87,139
217,What We Do in the Shadows,2014,7.7,76.0,150746,3.33,86
218,Warrior,2011,8.2,71.0,427694,13.66,140
219,Black Swan,2010,8.0,79.0,686312,106.95,108
220,Lost in Translation,2003,7.7,89.0,403747,44.59,102
221,Children of Men,2006,7.9,84.0,456551,35.55,109
222,Moneyball,2011,7.6,87.0,354756,75.61,133
223,Mulholland Drive,2001,8.0,85.0,313098,7.22,147
224,The Handmaiden,2016,8.1,84.0,104683,2.01,145
225,The Sixth Sense,1999,8.1,64.0,894620,293.51,107
226,The Wizard of Oz,1939,8.0,100.0,366359,2.08,102
227,Your Name.,2016,8.4,79.0,178667,5.02,106
228,A Beautiful Mind,2001,8.2,72.0,827872,170.74,135
229,Casino Royale,2006,8.0,80.0,570246,167.45,144
230,The Invisible Guest,2016,8.1,,127403,,106
231,Shrek,2001,7.8,84.0,600278,267.67,90
232,Howl's Moving Castle,2004,8.2,80.0,319342,4.71,119
233,Magnolia,1999,8.0,77.0,284770,22.46,188
234,Indiana Jones and the Last Crusade,1989,8.2,65.0,677166,197.17,127
235,Blue Is the Warmest Colour,2013,7.7,89.0,135461,2.2,180
236,Primal Fear,1996,7.7,47.0,182142,56.12,129
237,Birdman or (The Unexpected Virtue of Ignorance),2014,7.7,87.0,566640,42.34,119
238,Inside Out,2015,8.1,94.0,592803,356.46,95
239,The Untouchables,1987,7.9,79.0,272962,76.27,119
240,Unforgiven,1992,8.2,85.0,367473,101.16,130
241,Edward Scissorhands,1990,7.9,74.0,437393,56.36,105
242,Star Wars: Episode VII - The Force Awakens,2015,7.9,80.0,845250,936.66,138
243,The Incredibles 2,2018,7.6,80.0,239609,608.58,118
244,Skyfall,2012,7.7,81.0,620440,304.36,143
245,Life Is Beautiful,1997,8.6,59.0,605876,57.6,116
246,E.T. the Extra-Terrestrial,1982,7.8,91.0,362886,435.11,115
247,The Deer Hunter,1978,8.1,86.0,304483,48.98,183
248,Wind River,2017,7.7,73.0,195599,33.8,107
249,12 Monkeys,1995,8.0,74.0,568850,57.14,129
250,The Intouchables,2011,8.5,57.0,736944,13.18,112
251,Pan's Labyrinth,2006,8.2,98.0,607145,37.63,118
252,The Florida Project,2017,7.6,92.0,90077,5.9,111
253,The Sound of Music,1965,8.0,63.0,198618,163.21,172
254,The Last Samurai,2003,7.7,55.0,392324,111.11,154
255,The Curious Case of Benjamin Button,2008,7.8,70.0,575844,127.51,166
256,Once Upon a Time in the West,1968,8.5,80.0,295358,5.32,165
257,Boyz n the Hood,1991,7.8,76.0,121789,57.5,112
258,Captain America: The Winter Soldier,2014,7.7,70.0,719282,259.77,136
259,Trainspotting,1996,8.1,83.0,623571,16.5,93
260,The Incredibles,2004,8.0,90.0,642924,261.44,115
261,Minority Report,2002,7.6,80.0,498961,132.07,145
262,Halloween,1978,7.8,87.0,222499,47.0,91
263,Edge of Tomorrow,2014,7.9,71.0,586292,100.21,113
264,Chinatown,1974,8.2,92.0,286913,29.2,130
265,Amélie,2001,8.3,69.0,690641,33.23,122
266,The Godfather: Part III,1990,7.6,60.0,350580,66.67,162
267,The Pianist,2002,8.5,85.0,708176,32.57,150
268,Dances with Wolves,1990,8.0,72.0,235237,184.21,181
269,Rush,2013,8.1,74.0,423045,26.95,123
270,Little Miss Sunshine,2006,7.8,80.0,432114,59.89,101
271,Princess Mononoke,1997,8.4,76.0,331212,2.38,134
272,The Crow,1994,7.6,71.0,163683,50.69,102
273,Hell or High Water,2016,7.6,88.0,198365,26.86,102
274,Capernaum,2018,8.4,75.0,53667,1.66,126
275,Crash,2004,7.7,66.0,415233,54.58,112
276,Training Day,2001,7.7,69.0,381631,76.63,122
277,City of God,2002,8.6,79.0,686010,7.56,130
278,Predator,1987,7.8,45.0,364814,59.74,107
279,Brokeback Mountain,2005,7.7,87.0,317148,83.04,134
280,Argo,2012,7.7,86.0,563321,136.03,120
281,Cast Away,2000,7.8,73.0,510948,233.63,143
282,Before Sunrise,1995,8.1,77.0,263018,5.54,101
283,Dead Poets Society,1989,8.1,79.0,411354,95.86,128
284,Blow,2001,7.6,52.0,236636,52.99,124
285,Vertigo,1958,8.3,100.0,352992,3.2,128
286,Remember the Titans,2000,7.8,48.0,194409,115.65,113
287,The Count of Monte Cristo,2002,7.8,61.0,126898,54.23,131
288,Walk the Line,2005,7.8,72.0,229605,119.52,136
289,Silver Linings Playbook,2012,7.7,81.0,651249,132.09,122
290,Toy Story,1995,8.3,95.0,864754,191.8,81
291,Seven Samurai,1954,8.6,98.0,308067,0.27,207
292,"O Brother, Where Art Thou?",2000,7.7,69.0,279592,45.51,107
293,Goldfinger,1964,7.7,87.0,168816,51.08,110
294,Sherlock Holmes,2009,7.6,57.0,574154,209.03,128
295,Tangled,2010,7.7,71.0,396205,200.82,100
296,True Grit,2010,7.6,80.0,305111,171.24,110
297,Some Like It Hot,1959,8.2,98.0,238150,25.0,121
298,The Fugitive,1993,7.8,87.0,262293,183.88,130
299,Taken,2008,7.8,51.0,558070,145.0,90
300,Mary Poppins,1964,7.8,88.0,154370,102.27,139
301,"Monsters, Inc.",2001,8.0,79.0,795198,289.92,92
302,Indiana Jones and the Temple of Doom,1984,7.6,57.0,438207,179.87,118
303,Incendies,2010,8.3,80.0,142658,6.86,131
304,Up,2009,8.2,88.0,911698,293.0,96
305,Saw,2004,7.6,46.0,372060,56.0,103
306,Fried Green Tomatoes,1991,7.7,64.0,65502,82.42,130
307,Million Dollar Baby,2004,8.1,86.0,623457,100.49,132
308,The Birds,1963,7.7,90.0,167368,11.4,119
309,Fear and Loathing in Las Vegas,1998,7.6,41.0,254917,10.68,118
310,Black Hawk Down,2001,7.7,74.0,358277,108.64,144
311,Finding Nemo,2003,8.1,90.0,928231,380.84,100
312,"Lock, Stock and Two Smoking Barrels",1998,8.2,66.0,524665,3.9,107
313,The Last of the Mohicans,1992,7.7,76.0,145774,75.51,112
314,Donnie Brasco,1997,7.7,76.0,272082,41.91,127
315,The Game,1997,7.8,61.0,336801,48.32,129
316,Beauty and the Beast,1991,8.0,95.0,410597,218.97,84
317,Rebel Without a Cause,1955,7.7,89.0,81645,,111
318,L.A. Confidential,1997,8.2,90.0,521688,64.62,138
319,The Adventures of Robin Hood,1938,7.9,97.0,46398,3.98,102
320,Star Wars: Episode VI - Return of the Jedi,1983,8.3,58.0,928308,309.13,131
321,Groundhog Day,1993,8.0,72.0,569464,70.91,101
322,Manchester by the Sea,2016,7.8,96.0,238553,47.7,137
323,It Happened One Night,1934,8.1,87.0,91445,4.36,105
324,In Bruges,2008,7.9,67.0,383715,7.76,107
325,Rocky,1976,8.1,70.0,506388,117.24,120
326,The Hunt,2012,8.3,77.0,269741,0.69,115
327,Kick-Ass,2010,7.6,66.0,517800,48.07,117
328,Shaun of the Dead,2004,7.9,76.0,502450,13.54,99
329,Carlito's Way,1993,7.9,65.0,196631,36.95,144
330,Rain Man,1988,8.0,65.0,465223,178.8,133
331,Captain Fantastic,2016,7.9,72.0,182149,5.88,118
332,The Thin Red Line,1998,7.6,78.0,169356,36.4,170
333,WALL·E,2008,8.4,95.0,975008,223.81,98
334,Mystic River,2003,7.9,84.0,411504,90.14,138
335,Moonrise Kingdom,2012,7.8,84.0,311771,45.51,94
336,500 Days of Summer,2009,7.7,76.0,464561,32.39,95
337,The Lives of Others,2006,8.4,89.0,349758,11.29,137
338,The Machinist,2004,7.7,61.0,351139,1.08,101
339,28 Days Later...,2002,7.6,73.0,369584,45.06,113
340,Blue Velvet,1986,7.7,76.0,176537,8.55,120
341,3 Idiots,2009,8.4,67.0,332397,6.53,170
342,Serenity,2005,7.8,74.0,279938,25.51,119
343,Do the Right Thing,1989,7.9,93.0,86233,27.55,120
344,The Blind Side,2009,7.6,53.0,286124,255.96,129
345,Boyhood,2014,7.9,100.0,330862,25.38,165
346,Wreck-It Ralph,2012,7.7,72.0,371616,189.42,101
347,Amadeus,1984,8.3,88.0,361151,51.97,160
348,My Cousin Vinny,1992,7.6,68.0,104084,52.93,120
349,Dog Day Afternoon,1975,8.0,86.0,230764,50.0,125
350,American Gangster,2007,7.8,76.0,383757,130.16,157
351,Falling Down,1993,7.6,56.0,166727,40.9,113
352,The Little Mermaid,1989,7.6,88.0,231741,111.54,83
353,Misery,1990,7.8,75.0,179365,61.28,107
354,Back to the Future Part II,1989,7.8,57.0,467898,118.5,108
355,The Sandlot,1993,7.8,55.0,77270,32.42,101
356,Gone Baby Gone,2007,7.6,72.0,245720,20.3,114
357,Lion,2016,8.0,69.0,206845,51.74,118
358,Rosemary's Baby,1968,8.0,96.0,187759,,137
359,Dallas Buyers Club,2013,8.0,80.0,430266,27.3,117
360,Gran Torino,2008,8.1,72.0,707331,148.1,116
361,Who Framed Roger Rabbit,1988,7.7,83.0,178549,156.45,104
362,The Nightmare Before Christmas,1993,8.0,82.0,285333,75.08,76
363,The Bourne Identity,2002,7.9,68.0,499208,121.66,119
364,Rear Window,1954,8.4,100.0,432571,36.76,112
365,Close Encounters of the Third Kind,1977,7.6,90.0,180462,132.09,138
366,Papillon,1973,8.0,58.0,119478,53.27,151
367,Despicable Me,2010,7.6,72.0,491367,251.51,95
368,Memories of Murder,2003,8.1,82.0,128253,0.01,132
369,Downfall,2004,8.2,82.0,324772,5.51,156
370,The Fighter,2010,7.8,79.0,334229,93.62,116
371,First Blood,1982,7.7,61.0,221578,47.21,93
372,A Few Good Men,1992,7.7,62.0,229533,141.34,138
373,The Graduate,1967,8.0,83.0,249972,104.95,106
374,Match Point,2005,7.6,72.0,203034,23.09,124
375,Blazing Saddles,1974,7.7,73.0,123523,119.5,93
376,Dr. Strangelove or: How I Learned to Stop Worrying and Love the Bomb,1964,8.4,97.0,441242,0.28,95
377,Grave of the Fireflies,1988,8.5,94.0,225589,,89
378,As Good as It Gets,1997,7.7,67.0,270134,148.48,139
379,Slumdog Millionaire,2008,8.0,84.0,786500,141.32,120
380,Big Hero 6,2014,7.8,74.0,400995,222.53,102
381,The Hunt for Red October,1990,7.6,58.0,175079,122.01,135
382,Citizen Kane,1941,8.3,100.0,389479,1.59,119
383,Office Space,1999,7.7,68.0,237777,10.82,89
384,Dangal,2016,8.4,,147991,12.39,161
385,Blood Diamond,2006,8.0,64.0,489894,57.37,143
386,What's Eating Gilbert Grape,1993,7.8,73.0,210381,9.17,118
387,Y Tu Mamá También,2001,7.6,88.0,113715,13.62,106
388,The Theory of Everything,2014,7.7,72.0,390754,35.89,123
389,Fantastic Mr. Fox,2009,7.9,83.0,193139,21.0,87
390,Lawrence of Arabia,1962,8.3,100.0,261605,44.82,228
391,The Pursuit of Happyness,2006,8.0,64.0,437573,163.57,117
392,Star Trek Into Darkness,2013,7.7,72.0,458613,228.78,132
393,Aladdin,1992,8.0,86.0,363878,217.35,90
394,How to Train Your Dragon,2010,8.1,75.0,651683,217.58,98
395,The Fault in Our Stars,2014,7.7,69.0,337191,124.87,126
396,The Butterfly Effect,2004,7.6,30.0,444377,57.94,113
397,Kill Bill: Vol. 2,2004,8.0,83.0,668424,66.21,137
398,Moon,2009,7.9,67.0,329881,5.01,97
399,Captain Phillips,2013,7.8,82.0,412273,107.1,134
400,Apollo 13,1995,7.6,77.0,262330,173.84,140
401,The Warriors,1979,7.6,65.0,91860,22.49,92
402,Enemy at the Gates,2001,7.6,53.0,238336,51.4,131
403,Monty Python and the Holy Grail,1975,8.2,93.0,491788,1.23,91
404,District 9,2009,7.9,81.0,630370,115.65,112
405,Sleepers,1996,7.6,49.0,183847,49.1,147
406,It's a Wonderful Life,1946,8.6,89.0,388434,,130
407,Life of Pi,2012,7.9,79.0,570412,124.99,127
408,Mad Max 2: The Road Warrior,1981,7.6,77.0,163582,12.47,96
409,North by Northwest,1959,8.3,98.0,291740,13.28,136
410,Young Frankenstein,1974,8.0,80.0,140575,86.3,106
411,Raging Bull,1980,8.2,89.0,313918,23.38,129
412,Toy Story 3,2010,8.3,92.0,739923,415.0,103
413,Bridge of Spies,2015,7.6,81.0,281323,72.31,142
414,The Bourne Ultimatum,2007,8.0,85.0,597690,227.47,115
415,Coraline,2009,7.7,80.0,190930,75.29,100
416,The Others,2001,7.6,74.0,330652,96.52,104
417,Sense and Sensibility,1995,7.6,84.0,99539,43.18,136
418,"Synecdoche, New York",2008,7.6,67.0,79865,3.08,124
419,My Neighbor Totoro,1988,8.2,86.0,278552,1.11,86
420,Spartacus,1960,7.9,87.0,122033,30.0,197
421,The Secret in Their Eyes,2009,8.2,80.0,187946,6.39,129
422,Only the Brave,2017,7.6,72.0,55098,18.34,134
423,The Great Escape,1963,8.2,86.0,219756,12.1,172
424,Breakfast at Tiffany's,1961,7.6,76.0,163158,,115
425,The Bourne Supremacy,2004,7.7,73.0,427312,176.24,108
426,Traffic,2000,7.6,86.0,193236,124.12,147
427,Roma,2018,7.7,96.0,134681,,135
428,The Farewell,2019,7.6,89.0,44826,16.88,100
429,Serpico,1973,7.7,87.0,106729,29.8,130
430,Hunt for the Wilderpeople,2016,7.9,81.0,104698,5.2,101
431,Man on Fire,2004,7.7,47.0,323876,77.91,146
432,Das Boot,1981,8.3,86.0,226507,11.49,149
433,End of Watch,2012,7.6,68.0,224539,41.0,109
434,Creed,2015,7.6,82.0,241816,109.77,133
435,Barry Lyndon,1975,8.1,89.0,145383,,185
436,Dogville,2003,8.0,60.0,135025,1.53,178
437,Straight Outta Compton,2015,7.8,72.0,176220,161.2,147
438,The Magnificent Seven,1960,7.7,74.0,85998,4.91,128
439,Stalker,1979,8.2,,112074,0.23,162
440,For a Few Dollars More,1965,8.3,74.0,226157,15.0,132
441,Escape from Alcatraz,1979,7.6,76.0,117082,43.0,112
442,A Silent Voice: The Movie,2016,8.2,78.0,40927,,130
443,Enter the Dragon,1973,7.7,83.0,94515,25.0,102
444,Gattaca,1997,7.8,64.0,275795,12.34,106
445,Mr. Nobody,2009,7.8,63.0,211829,0.0,141
446,The Boondock Saints,1999,7.8,44.0,224780,0.03,108
447,Empire of the Sun,1987,7.7,62.0,113242,22.24,153
448,Brazil,1985,7.9,84.0,184512,9.93,132
449,I Saw the Devil,2010,7.8,67.0,106143,0.13,144
450,Lost Highway,1997,7.6,52.0,127716,3.8,134
451,Togo,2019,8.0,69.0,30891,,113
452,Before Sunset,2004,8.0,90.0,228958,5.82,80
453,Butch Cassidy and the Sundance Kid,1969,8.0,66.0,199222,102.31,110
454,Adaptation.,2002,7.7,83.0,174274,22.25,115
455,Shoplifters,2018,8.0,93.0,56764,3.31,121
456,"Paris, Texas",1984,8.1,78.0,86642,2.18,145
457,Akira,1988,8.0,,159632,0.55,124
458,When Harry Met Sally...,1989,7.6,76.0,190740,92.82,95
459,Singin' in the Rain,1952,8.3,99.0,213247,8.82,103
460,Changeling,2008,7.7,63.0,233641,35.74,141
461,The Naked Gun: From the Files of Police Squad!,1988,7.6,76.0,148633,78.76,85
462,Cinema Paradiso,1988,8.5,80.0,223156,11.99,155
463,Let the Right One In,2008,7.9,82.0,202713,2.12,114
464,Dark City,1998,7.6,66.0,185266,14.38,100
465,The Royal Tenenbaums,2001,7.6,76.0,260996,52.36,110
466,Gangs of Wasseypur,2012,8.2,89.0,78582,,321
467,Planet of the Apes,1968,8.0,79.0,162910,33.4,112
468,Chhichhore,2019,8.2,,29498,0.9,143
469,Metropolis,1927,8.3,98.0,156133,1.24,153
470,Gifted,2017,7.6,60.0,95870,24.8,101
471,Before Midnight,2013,7.9,94.0,136659,8.11,109
472,JFK,1991,8.0,72.0,138705,70.41,189
473,Fanny and Alexander,1982,8.1,100.0,56279,4.97,188
474,Wild Tales,2014,8.1,77.0,170551,3.11,122
475,The Name of the Rose,1986,7.7,54.0,99414,7.15,130
476,To Kill a Mockingbird,1962,8.2,88.0,288871,,129
477,The Holy Mountain,1973,7.9,76.0,35437,0.06,114
478,The Color Purple,1985,7.8,78.0,76551,98.47,154
479,Dangerous Liaisons,1988,7.6,74.0,63373,34.7,119
480,Monty Python's Life of Brian,1979,8.1,77.0,359405,20.05,94
481,The Illusionist,2006,7.6,68.0,350702,39.87,110
482,La Haine,1995,8.1,,144614,0.31,98
483,This Is England,2006,7.7,86.0,114253,0.33,101
484,Isle of Dogs,2018,7.9,82.0,132858,32.02,101
485,The French Connection,1971,7.7,94.0,107441,15.63,104
486,The Girl with the Dragon Tattoo,2009,7.8,76.0,206127,10.1,152
487,Perfect Blue,1997,8.0,,54217,0.78,81
488,The Seventh Seal,1957,8.2,88.0,159412,,96
489,Toy Story 2,1999,7.9,88.0,514678,245.85,92
490,This Is Spinal Tap,1984,7.9,92.0,126700,0.19,82
491,The Sting,1973,8.3,83.0,236384,159.6,129
492,Lethal Weapon,1987,7.6,68.0,232427,65.21,109
493,Road to Perdition,2002,7.7,72.0,242479,104.45,117
494,Gandhi,1982,8.0,79.0,215259,52.77,191
495,The Skin I Live In,2011,7.6,70.0,135151,3.19,120
496,Midnight Express,1978,7.6,59.0,72109,35.0,121
497,Ip Man,2008,8.0,59.0,208052,,106
498,A Fistful of Dollars,1964,8.0,65.0,192427,14.5,99
499,The Jungle Book,1967,7.6,65.0,162430,141.84,78
500,Eastern Promises,2007,7.6,82.0,223955,17.11,100
501,In the Mood for Love,2000,8.1,85.0,119237,2.73,98
502,Annie Hall,1977,8.0,92.0,248306,39.2,93
503,Sunset Blvd.,1950,8.4,,195887,,110
504,Malcolm X,1992,7.7,73.0,83522,48.17,202
505,Hachi: A Dog's Tale,2009,8.1,,245951,,93
506,Philadelphia,1993,7.7,66.0,219737,77.32,125
507,Midnight Cowboy,1969,7.8,79.0,98758,44.79,113
508,The Lego Movie,2014,7.7,83.0,319394,257.76,100
509,Flipped,2010,7.7,45.0,79842,1.75,90
510,Billy Elliot,2000,7.7,74.0,124100,22.0,110
511,The Conversation,1974,7.8,85.0,95652,4.42,113
512,Glory,1989,7.8,78.0,118926,26.83,122
513,The Ten Commandments,1956,7.8,,62370,93.74,220
514,Days of Heaven,1978,7.8,93.0,51103,,94
515,Patton,1970,7.9,91.0,92408,61.7,172
516,"Blood In, Blood Out",1993,8.0,47.0,28323,4.5,180
517,8½,1963,8.0,,106492,0.05,138
518,The Fall,2006,7.9,64.0,105866,2.28,117
519,"Crouching Tiger, Hidden Dragon",2000,7.8,94.0,249608,128.08,120
520,After Hours,1985,7.7,90.0,56861,10.6,97
521,The Elephant Man,1980,8.1,78.0,214560,,124
522,The Apartment,1960,8.3,94.0,159096,18.6,125
523,October Sky,1999,7.8,71.0,80572,32.48,108
524,Kiki's Delivery Service,1989,7.8,83.0,118096,,103
525,Charade,1963,7.9,83.0,66398,13.47,113
526,A Separation,2011,8.3,95.0,214230,7.1,123
527,Klaus,2019,8.2,65.0,74935,,96
528,Ran,1985,8.2,96.0,108927,4.14,162
529,The Raid: Redemption,2011,7.6,73.0,187236,4.11,101
530,The Last Picture Show,1971,8.0,93.0,41271,29.13,118
531,50/50,2011,7.6,72.0,312034,35.01,100
532,Mississippi Burning,1988,7.8,65.0,85844,34.6,128
533,Battle Royale,2000,7.6,81.0,166496,,114
534,The Wrestler,2008,7.9,80.0,286294,26.24,109
535,Robin Hood,1973,7.6,57.0,112795,32.06,83
536,Ponyo,2008,7.7,86.0,120249,15.09,101
537,Bonnie and Clyde,1967,7.8,86.0,100302,,111
538,Cool Hand Luke,1967,8.1,92.0,158473,16.22,127
539,The Boy in the Striped Pajamas,2008,7.8,55.0,185903,9.03,94
540,Harakiri,1962,8.7,85.0,37378,,133
541,Kramer vs. Kramer,1979,7.8,77.0,129749,106.26,105
542,Amores Perros,2000,8.1,83.0,219334,5.38,154
543,Ghost in the Shell,1995,8.0,76.0,125597,0.52,83
544,The Man from Earth,2007,7.9,,170775,,87
545,Cold War,2018,7.6,90.0,45917,4.57,89
546,Ben-Hur,1959,8.1,90.0,214928,74.7,212
547,Rebecca,1940,8.1,86.0,119355,4.36,130
548,Star Trek II: The Wrath of Khan,1982,7.7,67.0,110798,78.91,113
549,Andhadhun,2018,8.3,,65863,1.37,139
550,The King of Comedy,1982,7.8,73.0,84362,2.5,109
551,Nausicaä of the Valley of the Wind,1984,8.1,86.0,145069,0.5,117
552,Awakenings,1990,7.8,74.0,120817,52.1,121
553,On the Waterfront,1954,8.1,91.0,138596,9.6,108
554,A Streetcar Named Desire,1951,8.0,97.0,97271,8.0,122
555,Paprika,2006,7.7,81.0,68619,0.88,90
556,Rushmore,1998,7.7,86.0,165932,17.11,93
557,Paths of Glory,1957,8.4,90.0,172756,,88
558,Dirty Harry,1971,7.7,90.0,140677,35.9,102
559,Snow White and the Seven Dwarfs,1937,7.6,95.0,177211,184.93,83
560,The Killing Fields,1984,7.8,76.0,50572,34.7,141
561,The Body,2012,7.6,,54598,,112
562,I Am Sam,2001,7.7,28.0,141176,40.31,132
563,The Insider,1999,7.8,84.0,157101,28.97,157
564,Ed Wood,1994,7.8,70.0,162957,5.89,127
565,Night of the Living Dead,1968,7.9,89.0,113307,0.09,96
566,Ray,2004,7.7,73.0,136123,75.33,152
567,Roman Holiday,1953,8.0,78.0,124724,,118
568,Die Hard with a Vengeance,1995,7.6,58.0,357307,100.01,128
569,Solaris,1972,8.1,90.0,78243,,167
570,In the Heat of the Night,1967,7.9,75.0,65951,24.38,110
571,Kelly's Heroes,1970,7.6,50.0,44358,1.38,144
572,The Artist,2011,7.9,89.0,227373,44.67,100
573,Castle in the Sky,1986,8.0,78.0,145390,,125
574,Kung Fu Hustle,2004,7.7,78.0,124790,17.11,99
575,Batman: Mask of the Phantasm,1993,7.8,,42427,5.62,76
576,Doctor Zhivago,1965,8.0,69.0,68288,111.72,197
577,From Here to Eternity,1953,7.6,85.0,42415,30.5,118
578,Blood Simple,1984,7.6,81.0,85521,2.15,99
579,Network,1976,8.1,83.0,141951,,121
580,In the Name of the Father,1993,8.1,84.0,152865,25.01,133
581,The Man Who Would Be King,1975,7.8,91.0,43154,,129
582,How to Train Your Dragon 2,2014,7.8,76.0,298482,177.0,102
583,Sling Blade,1996,8.0,84.0,85735,24.48,135
584,Taare Zameen Par,2007,8.4,,161960,1.22,165
585,Mysterious Skin,2004,7.6,73.0,65029,0.7,105
586,The Bridge on the River Kwai,1957,8.1,87.0,198768,44.91,161
587,The Right Stuff,1983,7.8,91.0,54974,21.5,193
588,Funny Games,1997,7.6,69.0,62836,,108
589,The Bridges of Madison County,1995,7.6,66.0,71218,71.52,135
590,All the President's Men,1976,8.0,84.0,99908,70.6,138
591,Barton Fink,1991,7.7,69.0,110954,6.15,116
592,"Planes, Trains & Automobiles",1987,7.6,72.0,119365,49.53,93
593,The Day of the Jackal,1973,7.8,80.0,36554,16.06,143
594,Hotel Rwanda,2004,8.1,79.0,329370,23.53,121
595,The Iron Giant,1999,8.0,85.0,168352,23.16,86
596,Mommy,2014,8.1,74.0,48766,3.49,139
597,Ordinary People,1980,7.7,86.0,45750,54.8,124
598,The Great Beauty,2013,7.8,86.0,78871,2.85,141
599,Finding Neverland,2004,7.7,67.0,196393,51.68,106
600,Dawn of the Dead,1978,7.9,71.0,109241,5.1,127
601,7 Kogustaki Mucize,2019,8.3,,28822,,132
602,Witness for the Prosecution,1957,8.4,,104608,8.18,116
603,Mother,2009,7.8,79.0,49002,0.55,129
604,The Dirty Dozen,1967,7.7,73.0,65764,45.3,150
605,Dancer in the Dark,2000,8.0,61.0,100120,4.18,140
606,Seven Pounds,2008,7.6,36.0,282351,69.95,123
607,Glengarry Glen Ross,1992,7.7,82.0,93906,10.73,100
608,The Last Emperor,1987,7.7,76.0,91884,43.98,163
609,Persona,1966,8.1,86.0,98925,,83
610,Miller's Crossing,1990,7.7,66.0,123794,5.08,115
611,The Great Dictator,1940,8.4,,197481,0.29,125
612,The Tenant,1976,7.7,,38501,1.92,126
613,Short Term 12,2013,8.0,82.0,79759,1.01,96
614,Wings of Desire,1987,8.0,79.0,63004,3.33,128
615,Hero,2002,7.9,85.0,172073,53.71,120
616,Naked,1993,7.8,84.0,33335,1.77,132
617,Baahubali: The Beginning,2015,8.1,,100250,6.74,159
618,Harold and Maude,1971,7.9,62.0,69488,,91
619,The Outlaw Josey Wales,1976,7.8,69.0,64166,31.8,135
620,Evil Dead II,1987,7.8,72.0,144695,5.92,84
621,Clerks,1994,7.7,70.0,209237,3.15,92
622,Lord of War,2005,7.6,62.0,289968,24.15,122
623,PK,2014,8.1,,157255,10.62,153
624,Beasts of No Nation,2015,7.7,79.0,71664,0.08,137
625,Black Book,2006,7.7,71.0,71577,4.4,145
626,The Straight Story,1999,8.0,86.0,80032,6.2,112
627,Lucky Number Slevin,2006,7.7,53.0,296834,22.49,110
628,The Longest Day,1962,7.8,75.0,51441,39.1,178
629,The Wind Rises,2013,7.8,83.0,70207,5.21,126
630,Nosferatu,1922,7.9,,86647,,94
631,Rashomon,1950,8.2,98.0,148264,0.1,88
632,La Dolce Vita,1960,8.0,95.0,64631,19.52,174
633,All That Jazz,1979,7.9,72.0,27277,37.82,123
634,The Best Offer,2013,7.8,49.0,105240,0.09,131
635,The Secret World of Arrietty,2010,7.6,80.0,77652,19.2,94
636,21 Grams,2003,7.7,70.0,221403,16.29,124
637,Chungking Express,1994,8.1,77.0,60067,0.6,102
638,M,1931,8.3,,139336,0.03,99
639,My Fair Lady,1964,7.8,95.0,84838,72.0,170
640,Cabaret,1972,7.8,80.0,47282,42.77,124
641,Drishyam,2015,8.2,,66105,0.74,163
642,The Night of the Hunter,1955,8.0,99.0,80247,0.65,92
643,Rope,1948,8.0,73.0,126006,,80
644,Fiddler on the Roof,1971,8.0,67.0,38370,80.5,181
645,Blow-Up,1966,7.6,82.0,55117,,111
646,Modern Times,1936,8.5,96.0,211343,0.16,87
647,The Last King of Scotland,2006,7.7,74.0,172874,17.61,123
648,Paddington 2,2017,7.8,88.0,58086,40.44,103
649,The Wild Bunch,1969,7.9,97.0,76100,12.06,135
650,Sing Street,2016,7.9,79.0,82877,3.24,106
651,Cinderella Man,2005,8.0,69.0,173545,61.65,144
652,The Maltese Falcon,1941,8.0,96.0,146843,2.11,100
653,Me and Earl and the Dying Girl,2015,7.7,74.0,120676,6.74,105
654,The Raid 2,2014,8.0,71.0,112099,2.63,150
655,Loving Vincent,2017,7.8,62.0,48451,6.74,94
656,Giant,1956,7.6,84.0,33288,,201
657,Dial M for Murder,1954,8.2,75.0,153394,0.01,105
658,The Third Man,1949,8.1,97.0,155282,0.45,93
659,Sabrina,1954,7.7,72.0,57717,,113
660,Letters from Iwo Jima,2006,7.9,89.0,152175,13.76,141
661,Hamlet,1996,7.7,,35556,4.41,242
662,Being There,1979,8.0,83.0,64260,30.18,130
663,The Manchurian Candidate,1962,7.9,94.0,70221,,126
664,The Man from Nowhere,2010,7.8,,60985,0.01,119
665,Three Colors: Red,1994,8.1,100.0,87745,4.04,99
666,The Hustler,1961,8.0,90.0,74009,8.28,134
667,Rio Bravo,1959,8.0,93.0,54816,12.54,141
668,Pride,2014,7.8,79.0,50657,,119
669,Manhattan,1979,7.9,83.0,129217,45.7,96
670,Breathless,1960,7.9,,71094,0.34,90
671,Hannah and Her Sisters,1986,7.9,90.0,65808,40.08,107
672,Happiness,1998,7.7,81.0,65450,2.81,134
673,A Little Princess,1995,7.7,83.0,31529,10.02,97
674,Badlands,1973,7.8,93.0,63973,,94
675,All About Eve,1950,8.2,98.0,117681,0.01,138
676,Kubo and the Two Strings,2016,7.8,84.0,115109,48.02,101
677,Yojimbo,1961,8.2,,107673,,110
678,The Remains of the Day,1993,7.8,84.0,64045,22.95,134
679,Victoria,2015,7.6,77.0,50942,,138
680,High Noon,1952,7.9,89.0,95601,9.45,85
681,Fantasia,1940,7.8,96.0,86828,76.41,125
682,Double Indemnity,1944,8.3,95.0,139627,5.72,107
683,A Man Called Ove,2015,7.7,70.0,45059,3.36,116
684,Where Eagles Dare,1968,7.7,63.0,50735,,158
685,Mary and Max,2009,8.1,,161145,,92
686,Duck You Sucker,1971,7.6,77.0,29331,0.7,138
687,Three Colors: Blue,1993,7.9,85.0,86486,1.32,94
688,My Left Foot,1989,7.9,97.0,66287,14.74,103
689,The Muppet Movie,1979,7.6,74.0,31933,76.66,95
690,Who's Afraid of Virginia Woolf?,1966,8.0,75.0,67841,,131
691,Pink Floyd: The Wall,1982,8.1,47.0,74788,22.24,95
692,"Spring, Summer, Fall, Winter... and Spring",2003,8.0,85.0,75635,2.38,103
693,Detachment,2011,7.7,52.0,74880,0.07,98
694,The Mirror,1975,8.1,,38162,0.18,107
695,Talk to Her,2002,7.9,86.0,102830,9.28,112
696,Strangers on a Train,1951,7.9,88.0,121085,7.63,101
697,Neon Genesis Evangelion: The End of Evangelion,1997,8.1,,36503,,87
698,The Long Goodbye,1973,7.6,87.0,25280,0.96,112
699,25th Hour,2002,7.6,68.0,167904,13.06,135
700,Frankenstein,1931,7.8,91.0,63341,,70
701,Porco Rosso,1992,7.7,83.0,74245,,94
702,The Treasure of the Sierra Madre,1948,8.2,98.0,111518,5.01,126
703,Whisper of the Heart,1995,7.9,75.0,48968,,111
704,Frost/Nixon,2008,7.7,80.0,101466,18.59,122
705,Belle de Jour,1967,7.7,,39176,0.03,100
706,The African Queen,1951,7.7,91.0,70252,0.54,105
707,Bicycle Thieves,1948,8.3,,141570,0.33,89
708,City Lights,1931,8.5,99.0,162751,0.02,87
709,Nebraska,2013,7.7,87.0,110694,17.65,115
710,The Verdict,1982,7.7,77.0,35096,54.0,129
711,The Secret of NIMH,1982,7.6,76.0,35492,10.14,82
712,Run Lola Run,1998,7.6,77.0,185924,7.27,80
713,Breaking the Waves,1996,7.8,76.0,61189,4.04,159
714,King Kong,1933,7.9,90.0,77520,10.0,100
715,What Ever Happened to Baby Jane?,1962,8.1,75.0,48806,4.05,134
716,Lagaan: Once Upon a Time in India,2001,8.1,84.0,102649,0.07,224
717,Secrets & Lies,1996,8.0,91.0,36499,13.42,136
718,Lilya 4-Ever,2002,7.8,82.0,41870,0.18,109
719,Dead Man,1995,7.6,62.0,88695,1.04,121
720,La Vie En Rose,2007,7.6,66.0,81418,10.3,140
721,Paper Moon,1973,8.1,77.0,41294,30.93,102
722,The Big Sleep,1946,7.9,,77543,6.54,114
723,Notorious,1946,7.9,100.0,90449,10.46,102
724,Stagecoach,1939,7.8,93.0,42283,,96
725,The Man Who Shot Liberty Valance,1962,8.1,94.0,67275,,123
726,Open Your Eyes,1997,7.8,,62928,0.37,119
727,Amour,2012,7.9,94.0,91217,6.74,127
728,The Chaser,2008,7.9,64.0,56298,,125
729,Touch of Evil,1958,8.0,99.0,96900,2.24,95
730,The Killing,1956,8.0,91.0,79685,,84
731,All Quiet on the Western Front,1930,8.0,91.0,56373,3.27,152
732,Andrei Rublev,1966,8.1,,44843,0.1,205
733,"South Park: Bigger, Longer & Uncut",1999,7.7,73.0,189902,52.01,81
734,K.G.F: Chapter 1,2018,8.2,,31802,,156
735,All About My Mother,1999,7.8,87.0,87156,8.26,101
736,On Golden Pond,1981,7.6,68.0,27020,119.29,109
737,Ninja Scroll,1993,7.9,,33853,,94
738,The Day the Earth Stood Still,1951,7.7,,75403,,92
739,Throne of Blood,1957,8.1,,44959,,110
740,Wild Strawberries,1957,8.2,88.0,92880,,91
741,The Philadelphia Story,1940,7.9,96.0,62156,,112
742,3-Iron,2004,8.0,72.0,48857,0.24,88
743,Short Cuts,1993,7.7,79.0,41592,6.11,188
744,Leviathan,2014,7.6,92.0,48044,1.09,140
745,Children of Heaven,1997,8.3,,62361,0.93,89
746,When Marnie Was There,2014,7.7,72.0,30625,0.77,103
747,Once Were Warriors,1994,7.9,77.0,30963,2.2,102
748,The Taking of Pelham One Two Three,1974,7.7,68.0,25783,,104
749,Ikiru,1952,8.3,,65423,0.06,143
750,Red River,1948,7.8,,27447,,133
751,The Double Life of Véronique,1991,7.8,86.0,40592,2.0,98
752,Once,2007,7.8,88.0,109151,9.44,86
753,Song of the Sea,2014,8.1,85.0,49236,0.86,93
754,Anatomy of a Murder,1959,8.0,95.0,58443,11.9,161
755,The Salesman,2016,7.8,85.0,48699,2.4,124
756,The 400 Blows,1959,8.1,,101969,,99
757,Watership Down,1978,7.6,64.0,33039,,91
758,The Lion in Winter,1968,7.9,,28455,22.28,134
759,The Quiet Man,1952,7.7,,33858,10.55,129
760,The Legend of 1900,1998,8.1,58.0,57392,0.26,169
761,Zulu,1964,7.7,77.0,35186,,138
762,Land of Mine,2015,7.8,75.0,33889,0.44,100
763,Loveless,2017,7.6,86.0,28475,0.57,127
764,Repulsion,1965,7.7,91.0,47705,,105
765,Judgment at Nuremberg,1961,8.2,60.0,67392,,179
766,East of Eden,1955,7.9,72.0,39401,,118
767,Perfect Strangers,2016,7.8,,54504,,96
768,Underground,1995,8.1,,54226,0.17,167
769,Waking Life,2001,7.8,82.0,59928,2.89,99
770,Freaks,1932,7.9,80.0,41183,,64
771,The Cabinet of Dr. Caligari,1920,8.1,,55629,,67
772,Swades,2004,8.2,,81371,1.22,189
773,The Tale of The Princess Kaguya,2013,8.0,89.0,36428,1.51,137
774,Sympathy for Mr. Vengeance,2002,7.6,56.0,61085,0.05,129
775,Withnail & I,1987,7.7,84.0,39449,1.54,107
776,A Christmas Story,1983,7.9,77.0,127704,20.61,94
777,Eyes Without a Face,1960,7.7,90.0,26277,0.05,90
778,"Aguirre, the Wrath of God",1972,7.9,,51013,,95
779,The Diving Bell and the Butterfly,2007,8.0,92.0,102065,5.99,112
780,5 Centimeters Per Second,2007,7.6,,49309,,63
781,The Wave,2008,7.6,,100662,,107
782,Arsenic and Old Lace,1944,8.0,,64206,,118
783,Gully Boy,2019,8.1,65.0,29783,5.57,153
784,The Vanishing,1988,7.7,,33031,,107
785,Fitzcarraldo,1982,8.1,,30580,,158
786,Tokyo Story,1953,8.2,,50506,,136
787,Thank You for Smoking,2005,7.6,71.0,211180,24.79,92
788,Infernal Affairs,2002,8.0,75.0,116410,0.17,101
789,The Little Prince,2015,7.7,70.0,55128,1.34,108
790,Delicatessen,1991,7.6,66.0,79157,1.79,99
791,Love Me If You Dare,2003,7.6,45.0,66447,0.55,93
792,Le Samouraï,1967,8.1,,43972,0.04,101
793,Amarcord,1973,7.9,,38885,,123
794,Cat on a Hot Tin Roof,1958,8.0,84.0,43998,17.57,108
795,A Very Long Engagement,2004,7.6,76.0,70215,6.17,133
796,Guess Who's Coming to Dinner,1967,7.8,63.0,38373,56.7,108
797,The Kid,1921,8.3,,109103,5.45,68
798,The Best Years of Our Lives,1946,8.0,93.0,56294,23.65,170
799,Kagemusha,1980,8.0,84.0,31288,,162
800,The Hidden Fortress,1958,8.1,,33344,,126
801,Gilda,1946,7.7,,27193,,110
802,Cape Fear,1962,7.7,76.0,25718,,106
803,The Message,1976,8.2,,42940,,177
804,Laura,1944,8.0,,41693,4.36,88
805,The Battle of Algiers,1966,8.1,96.0,51230,0.06,121
806,The Hurricane,1999,7.6,74.0,90149,50.67,146
807,The Lunchbox,2013,7.8,76.0,48979,4.23,104
808,High and Low,1963,8.4,,31275,,143
809,Uri: The Surgical Strike,2019,8.3,,41348,4.19,138
810,The Motorcycle Diaries,2004,7.8,75.0,95423,16.76,126
811,The Lady Vanishes,1938,7.8,,46190,,96
812,Talvar,2015,8.2,,29989,0.34,132
813,Mr. Smith Goes to Washington,1939,8.1,73.0,104580,9.6,129
814,Volver,2006,7.6,84.0,93142,12.9,121
815,Elite Squad,2007,8.1,33.0,96478,0.01,115
816,Contempt,1963,7.6,,27995,0.04,102
817,Peeping Tom,1960,7.7,,30029,0.08,101
818,The White Ribbon,2009,7.8,82.0,67389,2.22,144
819,Good Bye Lenin!,2003,7.7,68.0,135744,4.06,121
820,Winter Sleep,2014,8.1,88.0,43928,0.17,196
821,Invasion of the Body Snatchers,1956,7.7,92.0,43887,,80
822,The Conformist,1970,8.0,100.0,26074,0.54,113
823,Queen,2013,8.2,,59503,1.43,146
824,Zindagi Na Milegi Dobara,2011,8.1,,65779,3.11,155
825,Three Colors: White,1994,7.6,88.0,61938,1.46,92
826,His Girl Friday,1940,7.9,,52306,0.3,92
827,A Man for All Seasons,1966,7.7,72.0,30520,28.35,120
828,Night on Earth,1991,7.8,68.0,54045,2.02,129
829,Rang De Basanti,2006,8.2,,109085,2.2,167
830,Kai Po Che,2013,7.7,40.0,30712,1.12,120
831,The Grapes of Wrath,1940,8.0,96.0,84630,0.06,129
832,Rififi,1955,8.2,97.0,26515,0.06,118
833,The Return,2003,8.0,82.0,41361,0.5,110
834,Shadow of a Doubt,1943,7.8,94.0,58019,,108
835,Bajrangi Bhaijaan,2015,8.0,,70065,8.18,163
836,Kal ho naa ho,2003,8.0,54.0,62050,1.79,186
837,The 39 Steps,1935,7.6,93.0,50553,,86
838,The Innocents,1961,7.8,88.0,25906,2.62,100
839,The Thin Man,1934,8.0,,25815,,91
840,Philomena,2013,7.6,77.0,92820,37.71,98
841,After the Wedding,2006,7.7,78.0,31342,0.41,120
842,Ivan's Childhood,1962,8.1,,30251,,84
843,Bringing Up Baby,1938,7.9,91.0,53949,,102
844,A Prophet,2009,7.9,90.0,92101,2.08,155
845,Miracle on 34th Street,1947,7.9,88.0,39096,2.65,96
846,Head-On,2004,7.9,78.0,50181,,121
847,The Bandit,1996,8.2,,61905,,128
848,Wolf Children,2012,8.1,71.0,37199,,117
849,The Red Shoes,1948,8.1,,29917,10.9,135
850,OMG: Oh My God!,2012,8.1,,49887,0.92,125
851,The Sea Inside,2004,8.0,74.0,76388,2.09,126
852,Dead Man's Shoes,2004,7.6,52.0,48553,0.01,90
853,Pink,2016,8.1,,37692,1.24,136
854,The Station Agent,2003,7.6,81.0,66586,5.74,89
855,Key Largo,1948,7.8,,36296,,100
856,"I, Daniel Blake",2016,7.9,78.0,51612,0.26,100
857,The Celebration,1998,8.0,82.0,76426,1.65,105
858,Shine,1996,7.7,87.0,50554,35.81,105
859,Fearless,2006,7.6,70.0,72069,24.63,104
860,Stalag 17,1953,8.0,84.0,50304,,120
861,The Odd Couple,1968,7.7,86.0,30884,44.53,105
862,The World's Fastest Indian,2005,7.8,68.0,51244,5.13,127
863,To Be or Not to Be,1942,8.2,86.0,27523,,99
864,The Wages of Fear,1953,8.1,85.0,52976,,131
865,Cowboy Bebop: The Movie,2001,7.9,61.0,42000,1.0,115
866,Out of the Past,1947,8.0,,31782,,97
867,Mustang,2015,7.6,83.0,34698,0.85,97
868,La Strada,1954,8.0,,56978,,108
869,To Have and Have Not,1944,7.8,,30258,,100
870,Wait Until Dark,1967,7.8,81.0,27142,17.55,108
871,Hedwig and the Angry Inch,2001,7.7,85.0,31495,3.03,95
872,Once Upon a Time in Anatolia,2011,7.9,82.0,39955,0.14,157
873,Bride of Frankenstein,1935,7.8,95.0,42208,4.36,75
874,Control,2007,7.7,78.0,60704,0.87,122
875,Sleuth,1972,8.0,,44112,4.08,138
876,The Girl Who Leapt Through Time,2006,7.7,,58652,,98
877,Ayla: The Daughter of War,2017,8.5,,32267,,125
878,My Father and My Son,2005,8.3,,76058,,112
879,My Name Is Khan,2010,8.0,50.0,96713,4.02,165
880,A Hard Day's Night,1964,7.6,96.0,39389,13.78,87
881,Death Note,2006,7.7,,28195,,126
882,Pierrot le Fou,1965,7.6,,28554,,110
883,Only Yesterday,1991,7.6,90.0,25489,0.45,118
884,Inherit the Wind,1960,8.1,75.0,26664,,128
885,The Invisible Man,1933,7.7,87.0,29303,,71
886,Tokyo Godfathers,2003,7.8,73.0,29892,0.13,92
887,Anand,1971,8.5,,28184,,122
888,Munna Bhai M.B.B.S.,2003,8.1,,72053,,156
889,Crimes and Misdemeanors,1989,7.9,77.0,53583,18.25,104
890,The Passion of Joan of Arc,1928,8.1,,45854,0.02,114
891,The Exterminating Angel,1962,8.1,,28777,,95
892,Badhaai Ho,2018,8.0,,26521,,124
893,Vivre Sa Vie,1962,8.0,,26799,,85
894,Down by Law,1986,7.8,75.0,46897,1.44,107
895,The Gold Rush,1925,8.2,,97533,5.45,95
896,Dil Chahta Hai,2001,8.1,,65525,0.3,183
897,About Elly,2009,8.0,87.0,43574,0.11,119
898,The General,1926,8.1,,78798,1.03,67
899,Confessions,2010,7.8,,34874,,106
900,Special 26,2013,8.0,,49700,1.08,144
901,Au Revoir les Enfants,1987,8.0,88.0,30468,4.54,104
902,Haider,2014,8.1,,49404,0.9,160
903,In a Lonely Place,1950,8.0,,25386,,94
904,Raise the Red Lantern,1991,8.1,,28749,2.6,125
905,Cries & Whispers,1972,8.1,,29172,1.74,91
906,Sunrise,1927,8.1,,46089,0.54,94
907,Diabolique,1955,8.0,,60355,,117
908,The Experiment,2001,7.7,60.0,89971,0.14,120
909,Kahaani,2012,8.1,,56482,1.04,122
910,Lifeboat,1944,7.6,78.0,25867,,97
911,Departures,2008,8.1,68.0,47676,1.5,130
912,Hard Boiled,1992,7.8,,45933,,128
913,Cell 211,2009,7.6,,62907,,113
914,The Discreet Charm of the Bourgeoisie,1972,7.9,93.0,37443,0.2,102
915,Sweet Smell of Success,1957,8.1,100.0,27263,,96
916,The Virgin Spring,1960,8.1,,26014,1.53,89
917,My Sassy Girl,2001,8.0,,44676,,137
918,Persepolis,2007,8.0,90.0,87043,4.45,96
919,The Broken Circle Breakdown,2012,7.8,70.0,38641,0.18,111
920,Udaan,2010,8.2,,41603,0.01,134
921,Interstate 60: Episodes of the Road,2002,7.7,,29392,,116
922,Hera Pheri,2000,8.2,,55030,,156
923,The Purple Rose of Cairo,1985,7.7,75.0,46153,10.63,82
924,"Black Cat, White Cat",1998,8.1,73.0,49862,0.35,127
925,The Circus,1928,8.1,90.0,27475,,72
926,Baby,2015,8.0,,51775,,159
927,Nights of Cabiria,1957,8.1,,41919,0.75,110
928,Baahubali 2: The Conclusion,2017,8.2,,72635,20.19,167
929,Evil,2003,7.8,61.0,35148,0.02,113
930,Lupin the 3rd: Castle of Cagliostro,1979,7.7,71.0,25949,,102
931,Brief Encounter,1945,8.0,92.0,34543,,86
932,Dilwale Dulhania Le Jayenge,1995,8.1,,61952,,181
933,Jules and Jim,1962,7.8,97.0,36595,,105
934,The Past,2013,7.8,85.0,44125,1.33,130
935,The Magdalene Sisters,2002,7.7,83.0,25612,4.89,114
936,Harvey,1950,7.9,,51966,,104
937,"4 Months, 3 Weeks and 2 Days",2007,7.9,97.0,55505,1.19,113
938,The Killer,1989,7.8,82.0,44993,,111
939,Battleship Potemkin,1925,8.0,,51794,0.05,66
940,L'Avventura,1960,7.9,,25685,,144
941,Barfi!,2012,8.1,,74082,2.8,151
942,Sanjuro,1962,8.1,,31448,,96
943,In a Better World,2010,7.6,65.0,38012,1.01,118
944,No Man's Land,2001,7.9,84.0,43970,1.06,98
945,Nine Queens,2000,7.9,80.0,48835,1.22,114
946,The Visitor,2007,7.6,79.0,41195,9.42,104
947,Il Postino,1994,7.7,81.0,32849,21.85,108
948,Joyeux Noel,2005,7.7,70.0,27144,1.05,116
949,Joint Security Area,2000,7.8,58.0,25594,,110
950,Hiroshima Mon Amour,1959,7.9,,27467,0.09,90
951,Paan Singh Tomar,2012,8.2,,32428,0.04,135
952,Udta Punjab,2016,7.8,,26322,,148
953,The Ladykillers,1955,7.7,91.0,25647,,91
954,In America,2002,7.7,76.0,40087,15.54,105
955,Ace in the Hole,1951,8.1,72.0,30559,3.97,111
956,Veer-Zaara,2004,7.8,67.0,47916,2.92,192
957,Kind Hearts and Coronets,1949,8.0,,33800,,106
958,Dev.D,2009,8.0,,28205,0.01,144
959,Sherlock Jr.,1924,8.2,,39674,0.98,45
960,Duck Soup,1933,7.8,93.0,54737,,69
961,Elite Squad 2: The Enemy Within,2010,8.0,71.0,78183,0.1,115
962,Fireworks,1997,7.8,,26972,0.23,103
963,Airlift,2016,8.0,,51941,,130
964,The Triplets of Belleville,2003,7.8,91.0,49957,7.0,80
965,English Vinglish,2012,7.8,,32811,1.67,134
966,The Chorus,2004,7.9,56.0,56249,3.64,97
967,A Wednesday,2008,8.1,,72636,,104
968,Bhaag Milkha Bhaag,2013,8.2,,59591,1.63,186
969,The Secret of Kells,2009,7.6,81.0,30432,0.69,75
970,The Lost Weekend,1945,7.9,,32817,9.46,101
971,Love and Death,1975,7.7,89.0,35249,,85
972,Sholay,1975,8.2,,50280,,162
973,G.O.R.A.,2004,8.0,,55147,,127
974,Vampire Hunter D: Bloodlust,2000,7.7,62.0,28607,0.15,103
975,Tae Guk Gi: The Brotherhood of War,2004,8.1,64.0,37343,1.11,140
976,The Shop Around the Corner,1940,8.1,96.0,26838,0.2,99
977,Chak De! India,2007,8.2,68.0,72389,1.11,153
978,Adam's Apples,2005,7.8,51.0,44507,0.0,94
979,Knockin' on Heaven's Door,1997,8.0,,27040,0.0,87
980,Central Station,1998,8.0,80.0,35420,5.6,110
981,The Rules of the Game,1939,8.0,,26120,,110
982,Black,2005,8.2,,32890,0.73,122
983,Zelig,1983,7.7,,39194,11.8,79
984,La Grande Illusion,1937,8.1,,33185,0.17,113
985,Jab We Met,2007,7.9,,46472,0.41,138
986,Tangerines,2013,8.2,73.0,37410,0.14,87
987,Le Dîner de Cons,1998,7.7,73.0,36633,4.07,80
988,Drishyam,2013,8.3,,29781,,160
989,The Muppet Christmas Carol,1992,7.7,64.0,46399,27.28,85
990,White Heat,1949,8.1,,28969,,114
991,Lage Raho Munna Bhai,2006,8.1,,42024,2.22,144
992,Vicky Donor,2012,7.8,,38879,0.17,126
993,The Edge of Heaven,2007,7.8,85.0,30337,0.74,122
994,A Night at the Opera,1935,7.9,,30035,2.54,96
995,C.R.A.Z.Y.,2005,7.9,81.0,31181,,127
996,Vizontele,2001,8.0,,32314,,110
997,And Now for Something Completely Different,1971,7.6,,28431,,88
998,Andaz Apna Apna,1994,8.2,,48405,,160
999,The Breath,2009,8.0,,31234,,128
